Clock In ID,Job Code,Last Name,First Name,Position ID,Status,Clock In ID,Clock Out ID,Department,In Time,Out Time,Total,Hours,Pay Code
HARBOR,00320,Lindqvist,Maya,HV300101,Active,HARBOR,HARBOR,FOH,09/24/2026 09:58:00 AM,09/24/2026 03:37:00 PM,5.65,5.65,
HARBOR,00320,Barrington,Theo,HV300102,Active,HARBOR,HARBOR,FOH,09/24/2026 09:54:00 AM,09/24/2026 03:40:00 PM,5.77,5.77,
HARBOR,00320,Raman,Priya,HV300103,Active,HARBOR,HARBOR,FOH,09/24/2026 11:00:00 AM,09/24/2026 03:47:00 PM,4.78,4.78,
HARBOR,00320,Feld,Jonah,HV300104,Active,HARBOR,HARBOR,FOH,09/24/2026 11:04:00 AM,09/24/2026 03:47:00 PM,4.72,4.72,
HARBOR,00320,Ortiz,Camila,HV300105,Active,HARBOR,HARBOR,FOH,09/24/2026 12:47:00 PM,09/24/2026 04:28:00 PM,3.68,3.68,
HARBOR,00320,Volkov,Dmitri,HV300106,Active,HARBOR,HARBOR,FOH,09/24/2026 04:01:00 PM,09/24/2026 10:32:00 PM,6.52,6.52,
HARBOR,00320,Kimura,Sasha,HV300107,Active,HARBOR,HARBOR,FOH,09/24/2026 04:04:00 PM,09/24/2026 10:31:00 PM,6.45,6.45,
HARBOR,00320,Marchetti,Elena,HV300108,Active,HARBOR,HARBOR,FOH,09/24/2026 04:29:00 PM,09/24/2026 10:50:00 PM,6.35,6.35,
HARBOR,00320,Asante,Kwame,HV300109,Active,HARBOR,HARBOR,FOH,09/24/2026 04:30:00 PM,09/24/2026 10:50:00 PM,6.33,6.33,
HARBOR,00320,Ferreira,Lucia,HV300110,Active,HARBOR,HARBOR,FOH,09/24/2026 05:01:00 PM,09/25/2026 12:19:00 AM,7.30,7.30,
HARBOR,00320,Whitfield,Noah,HV300111,Active,HARBOR,HARBOR,FOH,09/24/2026 07:40:00 PM,09/24/2026 10:55:00 PM,3.25,3.25,
HARBOR,00320,Reyes,Tomas,HV300112,Active,HARBOR,HARBOR,FOH,09/24/2026 04:56:00 PM,09/25/2026 12:12:00 AM,7.27,7.27,
HARBOR,00350,O'Connell,Grace,HV300201,Active,HARBOR,HARBOR,FOH,09/24/2026 09:56:00 AM,09/24/2026 03:36:00 PM,5.67,5.67,
HARBOR,00350,Duarte,Rafael,HV300202,Active,HARBOR,HARBOR,FOH,09/24/2026 04:04:00 PM,09/24/2026 10:38:00 PM,6.57,6.57,
HARBOR,00350,Brooks,Imani,HV300203,Active,HARBOR,HARBOR,FOH,09/24/2026 04:57:00 PM,09/25/2026 12:19:00 AM,7.37,7.37,
HARBOR,00370,Castellano,Leo,HV300301,Active,HARBOR,HARBOR,FOH,09/24/2026 09:56:00 AM,09/24/2026 03:25:00 PM,5.48,5.48,
HARBOR,00370,Sofia Mendez,Ana,HV300302,Active,HARBOR,HARBOR,FOH,09/24/2026 03:54:00 PM,09/24/2026 10:23:00 PM,6.48,6.48,
HARBOR,00370,Haddad,Bilal,HV300303,Active,HARBOR,HARBOR,FOH,09/24/2026 04:55:00 PM,,0.00,0.00,
HARBOR,00370,Tanaka,Wes,HV300304,Active,HARBOR,HARBOR,FOH,09/24/2026 04:57:00 PM,09/25/2026 12:05:00 AM,7.13,7.13,
HARBOR,00365,Alvarado,Jorge,HV300401,Active,HARBOR,HARBOR,FOH,09/24/2026 10:02:00 AM,09/24/2026 03:35:00 PM,5.55,5.55,
HARBOR,00370,Silva,Mateo,HV300402,Active,HARBOR,HARBOR,FOH,09/24/2026 03:54:00 PM,09/24/2026 10:25:00 PM,6.52,6.52,
HARBOR,00365,Delgado,Rosa,HV300403,Active,HARBOR,HARBOR,FOH,09/24/2026 04:59:00 PM,09/25/2026 12:14:00 AM,7.25,7.25,
HARBOR,00365,Watanabe,Kenji,HV300404,Active,HARBOR,HARBOR,FOH,09/24/2026 04:55:00 PM,09/24/2026 09:05:00 PM,4.17,4.17,
HARBOR,00365,Adeyemi,Femi,HV300405,Active,HARBOR,HARBOR,FOH,09/24/2026 04:55:00 PM,09/25/2026 12:09:00 AM,7.23,7.23,
HARBOR,00360,Laurent,Ines,HV300501,Active,HARBOR,HARBOR,FOH,09/24/2026 10:06:00 AM,09/24/2026 03:36:00 PM,5.50,5.50,
HARBOR,00355,Khalil,Omar,HV300601,Active,HARBOR,HARBOR,FOH,09/24/2026 05:06:00 PM,09/25/2026 12:07:00 AM,7.02,7.02,
HARBOR,00355,Patel,Dev,HV300602,Active,HARBOR,HARBOR,FOH,09/24/2026 04:03:00 PM,09/24/2026 10:36:00 PM,6.55,6.55,
HARBOR,00310,Nguyen,Clara,HV300701,Active,HARBOR,HARBOR,FOH,09/24/2026 04:01:00 PM,09/24/2026 10:36:00 PM,6.58,6.58,
HARBOR,00320,Lindqvist,Maya,HV300101,Active,HARBOR,HARBOR,FOH,09/24/2026 04:58:00 PM,09/24/2026 11:40:00 PM,6.70,6.70,
HARBOR,00365,Demir,Yusuf,HV300305,Active,HARBOR,HARBOR,FOH,09/24/2026 05:04:00 PM,09/24/2026 11:55:00 PM,6.85,6.85,
HARBOR,00370,Okoro,Sam,HV300901,Active,HARBOR,HARBOR,FOH,09/24/2026 11:02:00 AM,09/24/2026 03:00:00 PM,3.97,3.97,
HARBOR,00360,Laurent,Ines,HV300501,Active,HARBOR,HARBOR,FOH,09/24/2026 10:00:00 AM,09/24/2026 02:00:00 PM,4.00,4.00,TRAINING
