,Employee,Job Title,In Date,Shift Closed Date,Out Date,Hours,Cash Tips Decl.,Cash on Hand,Cash in Drawer,Non-Cash Tips,Cash Gratuity,Non-Cash Gratuity,Tips Withheld,Non-Cash Sales,Cash Sales,Total Sales,Cash Collected?,Tips Paid?,Open,Paid,Closed,Tip Share Total
400000000000003775,Maya Lindqvist,Server,09/24/26 10:10 AM,09/24/26 03:30 PM,09/24/26 03:30 PM,5.33,0.00,0.00,0.00,302.79,0.00,0.00,0.00,1707.76,0.00,1707.76,yes,no,0,0,1,0.00
400000000000009417,Theo Barrington,Server,09/24/26 10:09 AM,09/24/26 03:39 PM,09/24/26 03:39 PM,5.50,0.00,0.00,0.00,162.28,0.00,0.00,0.00,596.64,213.50,810.14,yes,no,0,0,1,0.00
400000000000012310,Priya Raman,Server,09/24/26 11:11 AM,09/24/26 03:57 PM,09/24/26 03:57 PM,4.77,60.00,0.00,0.00,134.98,0.00,0.00,0.00,501.75,213.50,715.25,yes,no,0,0,1,0.00
400000000000018300,jonah feld,Server,09/24/26 10:48 AM,09/24/26 03:49 PM,09/24/26 03:49 PM,5.02,35.00,0.00,0.00,171.14,0.00,0.00,0.00,688.88,213.50,902.38,yes,no,0,0,1,0.00
400000000000024655,Camila Ortiz,Server,09/24/26 12:47 PM,09/24/26 04:20 PM,09/24/26 04:20 PM,3.55,48.00,0.00,0.00,274.68,0.00,0.00,0.00,1524.68,0.00,1524.68,yes,no,0,0,1,0.00
400000000000030835,Dmitri Volkov,Server,09/24/26 03:57 PM,09/24/26 10:20 PM,09/24/26 10:20 PM,6.38,0.00,0.00,0.00,478.80,0.00,0.00,0.00,2592.59,0.00,2592.59,yes,no,0,0,1,0.00
400000000000034340,Sasha Kimura,Server,09/24/26 03:58 PM,09/24/26 10:41 PM,09/24/26 10:41 PM,6.72,60.00,0.00,0.00,270.05,0.00,0.00,0.00,1427.14,126.00,1553.14,yes,no,0,0,1,0.00
400000000000043440,Elena Marchetti,Server,09/24/26 04:33 PM,09/24/26 10:57 PM,09/24/26 10:57 PM,6.40,0.00,0.00,0.00,396.65,0.00,684.00,0.00,1986.11,0.00,1986.11,yes,no,0,0,1,0.00
400000000000046592,Kwame  Asante,Server,09/24/26 04:22 PM,09/24/26 11:08 PM,09/24/26 11:08 PM,6.77,60.00,0.00,0.00,324.41,0.00,0.00,0.00,1588.82,126.00,1714.82,yes,no,0,0,1,0.00
400000000000051566,Lucia Ferreira,Server,09/24/26 05:03 PM,09/25/26 12:19 AM,09/25/26 12:19 AM,7.27,0.00,0.00,0.00,375.12,0.00,0.00,0.00,1844.63,126.00,1970.63,yes,no,0,0,1,0.00
400000000000056340,Noah Whitfield ,Server,09/24/26 07:40 PM,09/24/26 10:55 PM,09/24/26 10:55 PM,3.25,48.00,0.00,0.00,310.41,0.00,0.00,0.00,1487.07,213.50,1700.57,yes,no,0,0,1,0.00
400000000000062677,Tomas Reyes,Server,09/24/26 05:00 PM,09/25/26 12:09 AM,09/25/26 12:09 AM,7.15,35.00,0.00,0.00,586.07,0.00,0.00,0.00,3086.75,61.75,3148.50,yes,no,0,0,1,0.00
400000000000067781,Hannah Becker-Ross,Server,09/24/26 04:05 PM,09/24/26 11:10 PM,09/24/26 11:10 PM,7.08,40.00,0.00,0.00,512.37,0.00,0.00,0.00,2711.90,0.00,2711.90,yes,no,0,0,1,0.00
400000000000071820,Priya Raman,Server,09/24/26 05:30 PM,09/24/26 09:30 PM,09/24/26 09:30 PM,4.00,0.00,0.00,0.00,0.00,0.00,0.00,0.00,0.00,0.00,0.00,yes,no,0,0,1,0.00
400000000000079940,BAR AM,Bartender,09/24/26 10:30 AM,09/24/26 04:00 PM,09/24/26 04:00 PM,5.50,85.00,0.00,0.00,642.18,0.00,0.00,0.00,2970.40,210.00,3180.40,yes,no,0,0,1,0.00
400000000000086533,BAR PM,Bartender,09/24/26 04:00 PM,09/25/26 12:30 AM,09/25/26 12:30 AM,8.50,214.00,0.00,0.00,1888.62,0.00,0.00,0.00,8872.75,540.00,9412.75,yes,no,0,0,1,0.00
